city_name,city_region,casino_name
Las Vegas,NV,Aliante Casino
Las Vegas,NV,Aria
Las Vegas,NV,Aria Resort & Casino
Las Vegas,NV,Arizona Charlies Decatur
Las Vegas,NV,Bellagio
Las Vegas,NV,Best Western Plus Casino Royale
Las Vegas,NV,Binion's Gambling Hall and Hotel
Las Vegas,NV,Bonanza Lounge & Casino
Las Vegas,NV,Caesars Palace
Las Vegas,NV,Caesars Palace Complex
Las Vegas,NV,Caesars Palace Poker Room
Las Vegas,NV,Cannery Casino
Las Vegas,NV,Circus Circus Las Vegas
Las Vegas,NV,Club Fortune Casino
Las Vegas,NV,Dotty's
Las Vegas,NV,Dotty's Casino
Las Vegas,NV,El Cortez Hotel & Casino
Las Vegas,NV,Ellis Island Casino
Las Vegas,NV,Emerald Island Casino
Las Vegas,NV,Encore Beach Club
Las Vegas,NV,Encore Casino at Wynn
Las Vegas,NV,Excalibur Hotel & Casino
Las Vegas,NV,Flamingo Las Vegas
Las Vegas,NV,Fremont Hotel & Casino Las Vegas
Las Vegas,NV,Gold Coast Hotel & Casino
Las Vegas,NV,Gold Spike
Las Vegas,NV,Hard Rock Las Vegas
Las Vegas,NV,Harrah's Showroom
Las Vegas,NV,Horseshoe Las Vegas
Las Vegas,NV,Hotel MGM Grand Las Vegas
Las Vegas,NV,Jackpot Joanie's
Las Vegas,NV,Jackpot Joanie's Casino
Las Vegas,NV,Jerry's Nugget Casino
Las Vegas,NV,Jokers Wild Casino
Las Vegas,NV,Just Play
Las Vegas,NV,La Villita Casino
Las Vegas,NV,Longhorn Casino
Las Vegas,NV,Lucky Club Hotel & Casino
Las Vegas,NV,Luxor Las Vegas
Las Vegas,NV,Mandalay Bay
Las Vegas,NV,MGM Grand
Las Vegas,NV,Miz Lola's Spirits & Gaming
Las Vegas,NV,New York New York Hotel and Casino
Las Vegas,NV,NoMad High Limit Casino
Las Vegas,NV,Palms
Las Vegas,NV,Paris Las Vegas
Las Vegas,NV,Park MGM
Las Vegas,NV,Pat's Pub
Las Vegas,NV,Planet Hollywood
Las Vegas,NV,PT's
Las Vegas,NV,Railroad Pass Casino
Las Vegas,NV,Rainbow Club Casino
Las Vegas,NV,Rampart Casino
Las Vegas,NV,Red Dragon Gaming & Spirits
Las Vegas,NV,Resorts World Las Vegas
Las Vegas,NV,Rio All Suite Hotel and Casino
Las Vegas,NV,Sahara Las Vegas Hotel & Casino
Las Vegas,NV,Skyline Hotel and Casino
Las Vegas,NV,South Point
Las Vegas,NV,"South Point Hotel, Casino & Spa"
Las Vegas,NV,Stage Door Casino
Las Vegas,NV,Suncoast Hotel and Casino
Las Vegas,NV,Sunset Station
Las Vegas,NV,The LINQ
Las Vegas,NV,The LINQ Hotel + Experience
Las Vegas,NV,The M Resort
Las Vegas,NV,The Orleans Hotel & Casino
Las Vegas,NV,The Palazzo
Las Vegas,NV,The Pass Casino
Las Vegas,NV,The Strat
Las Vegas,NV,The Venetian Las Vegas
Las Vegas,NV,Tix4Tonight - Slots A Fun
Las Vegas,NV,Treasure Island
Las Vegas,NV,Treasure Island Hotel and Casino
Las Vegas,NV,Tuscany Suites & Casino
Las Vegas,NV,Wildfire
Las Vegas,NV,Wildfire Casino
Las Vegas,NV,Wynn Las Vegas Casino
Reno,NV,Peppermill Reno
